id;user_name;email;name;address_1;address_2;address_3;address_4;address_5;date_added;date_inactive;user_picture;user_picture_content_type
1;deposit methodologies moderator;Destinee_Howe@yahoo.com;productivity;context-sensitive Applications Barbados;Baby B2B Divide;Concrete Fantastic;Rustic Rhode Island;Tactics Manager;2020-11-11;2020-11-10;../fake-data/blob/hipster.png;image/png
2;Armenian Dram quantify;Laura83@hotmail.com;Tasty Frozen Salad haptic;withdrawal Games hack;deposit Auto Loan Account haptic;olive;Mills;synthesizing;2020-11-11;2020-11-11;../fake-data/blob/hipster.png;image/png
3;Infrastructure;Emily.Mayer97@yahoo.com;Home Loan Account cross-media navigating;Netherlands Antilles;didactic;redundant pink foreground;transmitting;Idaho;2020-11-11;2020-11-11;../fake-data/blob/hipster.png;image/png
4;invoice;Meagan.Herman@hotmail.com;invoice synthesizing Fresh;Belize SDD;e-commerce AGP THX;Intranet;Lilangeni Massachusetts payment;Integration PCI;2020-11-10;2020-11-11;../fake-data/blob/hipster.png;image/png
5;Chicken Rapid Guarani;Vergie_Turcotte@gmail.com;Practical;withdrawal customized;haptic Avon systems;Indiana Gloves Granite;HDD pixel;enable;2020-11-11;2020-11-11;../fake-data/blob/hipster.png;image/png
6;cross-platform transmitting;Arden.Monahan92@hotmail.com;Avon;Fresh structure Configuration;input Incredible SAS;overriding Tasty;disintermediate deposit Bolivar Fuerte;Organized Pitcairn Islands structure;2020-11-11;2020-11-11;../fake-data/blob/hipster.png;image/png
7;XML;Leon.Hoppe82@yahoo.com;Books;Nevada Concrete innovate;Checking Account Shoes;overriding;navigate Grocery;Borders Persevering;2020-11-10;2020-11-11;../fake-data/blob/hipster.png;image/png
8;TCP;Casimir_Nikolaus60@gmail.com;Security Personal Loan Account;transmitting system;Generic Wooden Ball monetize Down-sized;calculating;toolset optimize;product SCSI;2020-11-11;2020-11-10;../fake-data/blob/hipster.png;image/png
9;white connect primary;Katelin94@hotmail.com;Grocery connecting;Bike Books;Programmable;withdrawal Consultant;Directives solid state Idaho;Synergized;2020-11-10;2020-11-11;../fake-data/blob/hipster.png;image/png
10;Antigua and Barbuda scale;Arden29@yahoo.com;web-readiness;functionalities navigating;Buckinghamshire;needs-based ability;Shoes deposit Licensed;Cotton Soap;2020-11-11;2020-11-10;../fake-data/blob/hipster.png;image/png
